restaurant_id,name,city,cuisine_type,price_range,rating,num_ratings,is_chain,avg_delivery_time,popularity_score,menu_size,is_new
rest_0,Japanese Restaurant 0,Chennai,Japanese,4,3.6358349966306487,25,False,25,0.2469459801620167,94,True
rest_1,Japanese Restaurant 1,Mumbai,Japanese,4,3.275032311368723,26,False,28,0.10678165497058148,68,True
rest_2,American Restaurant 2,Mumbai,American,2,3.143780433373832,33,False,46,0.22823897029100607,46,True
rest_3,Italian Restaurant 3,Mumbai,Italian,2,3.7380188245844326,40,False,37,0.36066533862464656,72,True
rest_4,Thai Restaurant 4,Chennai,Thai,2,3.9583801258607023,20,False,40,0.20248549045349243,89,True
rest_5,Chinese Restaurant 5,Delhi,Chinese,4,3.868677750241919,21,True,50,0.16707445947364324,81,True
rest_6,American Restaurant 6,Chennai,American,1,3.928639316832613,17,False,48,0.2543967118092273,27,True
rest_7,Thai Restaurant 7,Chennai,Thai,4,3.5881429282382777,49,True,46,0.34354317634736087,52,True
rest_8,Thai Restaurant 8,Hyderabad,Thai,4,3.4129721544328113,8,True,27,0.3877055941177503,49,True
rest_9,Indian Restaurant 9,Mumbai,Indian,4,3.4603169294217286,45,False,34,0.14406661257785047,68,True
rest_10,Thai Restaurant 10,Mumbai,Thai,3,3.37943427229734,20,True,28,0.21769219736352166,90,True
rest_11,Japanese Restaurant 11,Chennai,Japanese,4,3.7884250225328766,35,False,46,0.12152304552586052,64,True
rest_12,American Restaurant 12,Delhi,American,4,3.5618939096659856,27,False,24,0.32539259672447784,70,True
rest_13,Chinese Restaurant 13,Chennai,Chinese,4,3.8415506981927035,2,True,58,0.4444763187699693,62,True
rest_14,American Restaurant 14,Chennai,American,4,3.445487955310199,21,False,53,0.42561133876832913,55,True
rest_15,Japanese Restaurant 15,Mumbai,Japanese,3,3.034154112321808,21,False,24,0.13428356685332854,68,True
rest_16,Indian Restaurant 16,Hyderabad,Indian,2,3.236645653348691,8,False,28,0.47686891096179884,51,True
rest_17,Chinese Restaurant 17,Hyderabad,Chinese,1,3.3341850011925604,21,True,47,0.351836140757812,72,True
rest_18,Mexican Restaurant 18,Delhi,Mexican,2,3.705840888549944,40,False,26,0.29586950515387644,67,True
rest_19,Thai Restaurant 19,Chennai,Thai,3,3.3107845269187584,25,False,29,0.36012294967031977,86,True
rest_20,Japanese Restaurant 20,Chennai,Japanese,1,3.732372428643053,46,True,25,0.40086706408243167,55,True
rest_21,Indian Restaurant 21,Hyderabad,Indian,2,3.2971262317642367,38,True,53,0.20882707040236803,54,True
rest_22,Thai Restaurant 22,Delhi,Thai,1,3.4910668995591356,7,False,49,0.41858893514016404,71,True
rest_23,Japanese Restaurant 23,Hyderabad,Japanese,4,3.0854036332609627,3,False,29,0.15919131492785976,37,True
rest_24,Indian Restaurant 24,Chennai,Indian,3,3.1872880671774175,16,False,40,0.3635424232339085,42,True
rest_25,Indian Restaurant 25,Chennai,Indian,4,3.9001471925026903,34,False,45,0.43951724564849937,94,True
rest_26,Chinese Restaurant 26,Mumbai,Chinese,1,3.192259272177807,40,True,35,0.3531447018571612,65,True
rest_27,Mexican Restaurant 27,Delhi,Mexican,3,3.2717527523353724,21,False,56,0.2585015024631063,26,True
rest_28,Thai Restaurant 28,Bangalore,Thai,3,3.614973485833594,23,False,55,0.24519842072465248,30,True
rest_29,Japanese Restaurant 29,Delhi,Japanese,2,3.0666957526219685,5,True,48,0.23030653878625637,56,True
rest_30,Italian Restaurant 30,Hyderabad,Italian,1,3.3252286866603216,11,False,31,0.19096475637135862,28,True
rest_31,American Restaurant 31,Bangalore,American,1,3.2637280456448123,24,True,32,0.2072649757996028,22,True
rest_32,Chinese Restaurant 32,Delhi,Chinese,2,3.2429405381900205,35,False,22,0.35852803206784034,68,True
rest_33,Mexican Restaurant 33,Chennai,Mexican,2,3.3479292327767967,21,False,35,0.26346211378216566,20,True
rest_34,Mexican Restaurant 34,Hyderabad,Mexican,1,3.748772554393497,30,False,55,0.1397721282426333,64,True
rest_35,Italian Restaurant 35,Chennai,Italian,4,3.715471729667553,5,True,30,0.19381919703478134,87,True
rest_36,Chinese Restaurant 36,Mumbai,Chinese,4,3.330643145536474,21,False,56,0.29167615160707594,81,True
rest_37,Mexican Restaurant 37,Bangalore,Mexican,1,3.7145210434427343,44,False,28,0.179898962943573,36,True
rest_38,Italian Restaurant 38,Delhi,Italian,3,3.155213592281996,40,False,23,0.27328457144325813,22,True
rest_39,Italian Restaurant 39,Mumbai,Italian,4,3.4262154645363294,39,False,53,0.35662472431583014,81,True
rest_40,Thai Restaurant 40,Hyderabad,Thai,1,3.3004777255204596,8,False,51,0.4700118833533159,57,True
rest_41,Italian Restaurant 41,Hyderabad,Italian,3,3.9072423144665542,27,False,41,0.19014222463314928,70,True
rest_42,Indian Restaurant 42,Delhi,Indian,1,3.096717007429325,24,True,23,0.35843806217353824,77,True
rest_43,Thai Restaurant 43,Chennai,Thai,4,3.283738648655482,45,False,20,0.3108977795744457,68,True
rest_44,Japanese Restaurant 44,Mumbai,Japanese,3,3.8261485371419646,15,False,21,0.12076978509677777,34,True
rest_45,Italian Restaurant 45,Bangalore,Italian,1,3.507423891310967,10,False,38,0.2405816473753523,79,True
rest_46,Chinese Restaurant 46,Delhi,Chinese,4,3.0583488990819276,39,False,52,0.3416449425818764,30,True
rest_47,Mexican Restaurant 47,Hyderabad,Mexican,4,3.7359573151657886,8,False,25,0.48269379531073753,38,True
rest_48,Chinese Restaurant 48,Hyderabad,Chinese,3,3.841981798353986,8,False,46,0.48138177876885024,80,True
rest_49,Chinese Restaurant 49,Bangalore,Chinese,2,3.4063597440262976,7,False,32,0.2515413962111952,63,True
rest_50,Chinese Restaurant 50,Bangalore,Chinese,4,4.68859146543676,342,False,38,0.8052395829828516,59,False
rest_51,Mexican Restaurant 51,Hyderabad,Mexican,4,4.174307683660331,382,False,50,0.5022613291288451,68,False
rest_52,Indian Restaurant 52,Chennai,Indian,2,4.2029998677737455,166,False,50,0.5358765443761861,27,False
rest_53,American Restaurant 53,Delhi,American,3,4.6315913603047925,719,False,44,0.6230668966022634,38,False
rest_54,Chinese Restaurant 54,Hyderabad,Chinese,2,3.9011085149502684,406,False,40,0.761307661661275,62,False
rest_55,Chinese Restaurant 55,Chennai,Chinese,2,4.122532085979251,392,False,58,0.6549180818470682,37,False
rest_56,Italian Restaurant 56,Mumbai,Italian,2,4.0908091643702695,131,False,58,0.720763523532981,57,False
rest_57,Mexican Restaurant 57,Chennai,Mexican,4,3.7367028088205645,715,True,43,0.6286743676411852,25,False
rest_58,Japanese Restaurant 58,Mumbai,Japanese,3,4.0420871272126995,312,True,44,0.613240293444214,40,False
rest_59,Chinese Restaurant 59,Delhi,Chinese,3,4.127636645771266,964,False,44,0.9891228757441504,91,False
rest_60,Indian Restaurant 60,Mumbai,Indian,1,4.733388495369722,560,False,30,0.7018282469576006,70,False
rest_61,Indian Restaurant 61,Chennai,Indian,4,3.906703169273563,731,False,23,0.7730248404616704,55,False
rest_62,American Restaurant 62,Chennai,American,2,4.730147383690487,38,False,30,0.5679214096825851,78,False
rest_63,Chinese Restaurant 63,Chennai,Chinese,2,4.269890831727445,271,False,42,0.6398233082377376,64,False
rest_64,Italian Restaurant 64,Bangalore,Italian,2,4.600471655160612,28,False,24,0.7247732326332307,31,False
rest_65,Indian Restaurant 65,Hyderabad,Indian,1,4.344459287659344,89,False,23,0.7877746131020087,73,False
rest_66,Mexican Restaurant 66,Delhi,Mexican,3,3.895038787328666,814,False,33,0.5085993077987848,85,False
rest_67,Italian Restaurant 67,Bangalore,Italian,4,4.008344759623205,926,True,47,0.5869643587168479,29,False
rest_68,Japanese Restaurant 68,Chennai,Japanese,3,4.555864566852005,259,False,37,0.9074107476142255,63,False
rest_69,American Restaurant 69,Delhi,American,4,3.676356535126507,94,False,59,0.762821044580394,46,False
rest_70,American Restaurant 70,Hyderabad,American,1,3.626659279075933,544,True,58,0.9843074740781812,67,False
rest_71,Italian Restaurant 71,Bangalore,Italian,2,3.8452072959247214,874,False,35,0.5454305329656073,37,False
rest_72,Chinese Restaurant 72,Hyderabad,Chinese,2,3.684836047200254,992,False,52,0.6768817075073145,23,False
rest_73,Mexican Restaurant 73,Chennai,Mexican,3,4.3355745560727845,472,False,22,0.5503730461547338,88,False
rest_74,American Restaurant 74,Bangalore,American,2,3.79429743591594,323,True,53,0.5873118840179734,29,False
rest_75,Thai Restaurant 75,Chennai,Thai,3,4.722880558488595,275,True,59,0.6566747649474307,95,False
rest_76,Mexican Restaurant 76,Hyderabad,Mexican,1,3.9735928947052233,603,True,22,0.7527462517039639,41,False
rest_77,Mexican Restaurant 77,Mumbai,Mexican,1,4.849827562624096,901,True,41,0.730354157978333,80,False
rest_78,American Restaurant 78,Bangalore,American,4,4.206551891396845,818,False,59,0.7411452741477962,32,False
rest_79,Italian Restaurant 79,Chennai,Italian,2,4.895812076505738,817,False,29,0.7710711252556592,27,False
rest_80,American Restaurant 80,Hyderabad,American,1,4.8880467070761915,947,False,47,0.6988643346166805,66,False
rest_81,American Restaurant 81,Delhi,American,4,4.206098579128249,38,False,34,0.8953182925172991,75,False
rest_82,Mexican Restaurant 82,Delhi,Mexican,3,4.118774818025375,358,False,51,0.6619840693186643,61,False
rest_83,Italian Restaurant 83,Mumbai,Italian,2,4.021879184462377,451,False,25,0.8939791436845478,85,False
rest_84,Chinese Restaurant 84,Bangalore,Chinese,3,4.619526717715357,393,False,47,0.6761115194343077,90,False
rest_85,Indian Restaurant 85,Bangalore,Indian,1,4.70144103118688,574,True,35,0.9494565438929674,35,False
rest_86,American Restaurant 86,Delhi,American,3,4.238259449585278,604,True,31,0.7033131553559363,77,False
rest_87,Indian Restaurant 87,Chennai,Indian,3,4.775702415858161,609,False,36,0.9092516786735427,88,False
rest_88,Mexican Restaurant 88,Chennai,Mexican,3,3.7004012650291664,498,False,52,0.7524030052683699,77,False
rest_89,Thai Restaurant 89,Delhi,Thai,2,4.160171993019561,258,False,26,0.5853421699035181,29,False
rest_90,Chinese Restaurant 90,Hyderabad,Chinese,1,3.5712078723848926,797,True,26,0.6612982299761283,67,False
rest_91,Japanese Restaurant 91,Delhi,Japanese,4,4.4132497244072235,282,False,21,0.5431372944181829,95,False
rest_92,American Restaurant 92,Chennai,American,4,4.757423457267201,99,False,59,0.900801130186757,64,False
rest_93,Chinese Restaurant 93,Hyderabad,Chinese,2,4.832064157611105,152,False,28,0.9027441831266383,74,False
rest_94,Indian Restaurant 94,Mumbai,Indian,3,3.909533277906315,586,False,20,0.6984538332986654,25,False
rest_95,Italian Restaurant 95,Bangalore,Italian,1,4.176668428048067,537,False,47,0.7328400844215498,84,False
rest_96,Japanese Restaurant 96,Bangalore,Japanese,1,3.9581383331312816,78,False,51,0.8623656357648956,46,False
rest_97,Thai Restaurant 97,Chennai,Thai,2,3.6843061859718484,646,False,38,0.9882843746442629,60,False
rest_98,Indian Restaurant 98,Delhi,Indian,1,3.6094306093747144,281,False,43,0.6121552307715948,58,False
rest_99,Japanese Restaurant 99,Hyderabad,Japanese,3,4.516871715002974,172,True,57,0.972735137689684,69,False
rest_100,Japanese Restaurant 100,Mumbai,Japanese,2,4.2488021216842276,691,False,41,0.7246704431304858,30,False
rest_101,American Restaurant 101,Chennai,American,3,4.805277517795345,352,False,37,0.7903512759100559,43,False
rest_102,Italian Restaurant 102,Bangalore,Italian,1,4.315457687930126,532,False,26,0.6805378030479182,95,False
rest_103,Thai Restaurant 103,Hyderabad,Thai,2,4.176782618086191,155,False,53,0.9634093950296502,59,False
rest_104,Italian Restaurant 104,Delhi,Italian,1,4.9260434172541805,662,False,29,0.718501254957196,41,False
rest_105,Italian Restaurant 105,Mumbai,Italian,3,4.4915445729283805,905,False,30,0.9310036658139262,25,False
rest_106,Italian Restaurant 106,Chennai,Italian,3,4.56670604335769,126,False,33,0.734244455154856,41,False
rest_107,Chinese Restaurant 107,Hyderabad,Chinese,1,4.006321447816328,334,False,39,0.6211612762568134,82,False
rest_108,Chinese Restaurant 108,Bangalore,Chinese,4,3.777459151661739,646,False,46,0.6338663418786754,55,False
rest_109,Japanese Restaurant 109,Chennai,Japanese,3,4.280834578107297,628,False,35,0.7331061884213275,98,False
rest_110,Japanese Restaurant 110,Mumbai,Japanese,4,4.285269935565772,251,True,49,0.9932635852504013,36,False
rest_111,Chinese Restaurant 111,Hyderabad,Chinese,4,4.4109596427157705,772,False,31,0.9110798297646241,58,False
rest_112,Chinese Restaurant 112,Mumbai,Chinese,1,4.786962540686861,370,False,35,0.8092006207388258,78,False
rest_113,Chinese Restaurant 113,Chennai,Chinese,1,4.1137700336050695,426,False,56,0.8545808018442858,91,False
rest_114,Thai Restaurant 114,Delhi,Thai,1,3.6060886518669752,576,False,33,0.971270901895182,42,False
rest_115,Japanese Restaurant 115,Chennai,Japanese,3,4.251852098048998,222,False,47,0.8545945104319638,29,False
rest_116,Japanese Restaurant 116,Hyderabad,Japanese,2,3.7691772812604425,664,True,21,0.8276658561527779,47,False
rest_117,Japanese Restaurant 117,Chennai,Japanese,1,3.797353115839163,156,False,33,0.6045397551157513,89,False
rest_118,Mexican Restaurant 118,Delhi,Mexican,4,3.8995489298857287,63,False,31,0.5358364942848063,92,False
rest_119,American Restaurant 119,Hyderabad,American,1,3.607058059670871,946,False,28,0.8244015376979936,29,False
rest_120,Italian Restaurant 120,Mumbai,Italian,1,4.620947723323445,570,True,42,0.9832527189307059,28,False
rest_121,Italian Restaurant 121,Delhi,Italian,4,4.118824490003412,700,False,22,0.8884739562214768,36,False
rest_122,Indian Restaurant 122,Bangalore,Indian,2,4.018978685496992,178,False,24,0.9376674573995435,97,False
rest_123,Thai Restaurant 123,Chennai,Thai,4,4.7378884354336215,777,False,34,0.7651270121279048,79,False
rest_124,Italian Restaurant 124,Delhi,Italian,4,3.663230660571446,517,False,35,0.5838798640095311,85,False
rest_125,Japanese Restaurant 125,Hyderabad,Japanese,2,4.054932655533399,635,False,31,0.63529357181802,91,False
rest_126,Italian Restaurant 126,Hyderabad,Italian,2,4.609382086632132,554,False,38,0.9984528399755337,35,False
rest_127,Japanese Restaurant 127,Mumbai,Japanese,4,4.800062999451967,731,False,51,0.5013852526829197,45,False
rest_128,Mexican Restaurant 128,Bangalore,Mexican,4,3.5803388725184924,109,False,45,0.9343368561304766,32,False
rest_129,Indian Restaurant 129,Delhi,Indian,3,3.841433974362099,480,False,24,0.8084406798837245,35,False
rest_130,Japanese Restaurant 130,Bangalore,Japanese,1,3.610484658046946,973,True,39,0.7828293101666479,52,False
rest_131,Mexican Restaurant 131,Delhi,Mexican,3,4.944349995600486,566,False,50,0.8301262209091544,71,False
rest_132,American Restaurant 132,Delhi,American,4,4.166486607267966,888,True,29,0.6375555815495869,98,False
rest_133,Chinese Restaurant 133,Delhi,Chinese,1,3.716670400256498,38,False,21,0.7784859703395899,73,False
rest_134,Chinese Restaurant 134,Mumbai,Chinese,1,4.040339129190277,273,True,48,0.6363705445401011,43,False
rest_135,Chinese Restaurant 135,Delhi,Chinese,4,3.5062916081366837,562,False,24,0.9018848928384351,90,False
rest_136,Japanese Restaurant 136,Hyderabad,Japanese,3,3.651760371096913,272,False,46,0.6615368102299548,89,False
rest_137,Japanese Restaurant 137,Hyderabad,Japanese,4,4.779906065619887,267,True,51,0.9019505345677958,46,False
rest_138,Italian Restaurant 138,Hyderabad,Italian,3,3.8624230479568755,564,False,39,0.9869436853167008,80,False
rest_139,Thai Restaurant 139,Delhi,Thai,3,4.7612205092069155,101,False,29,0.5751991546144373,67,False
rest_140,Thai Restaurant 140,Hyderabad,Thai,1,4.133771208455233,317,True,48,0.9804643650170999,70,False
rest_141,Italian Restaurant 141,Hyderabad,Italian,2,4.150767292809009,340,True,27,0.8351034826534709,40,False
rest_142,Mexican Restaurant 142,Hyderabad,Mexican,3,3.5236991738059835,163,False,42,0.6315997815391161,60,False
rest_143,Thai Restaurant 143,Bangalore,Thai,4,4.088546503530041,786,True,32,0.6384460543777735,77,False
rest_144,American Restaurant 144,Bangalore,American,2,4.708293042398214,462,False,55,0.5972481894086896,98,False
rest_145,Italian Restaurant 145,Bangalore,Italian,4,4.351354230277693,511,True,53,0.5761474740782135,36,False
rest_146,Indian Restaurant 146,Delhi,Indian,4,4.851475267215913,943,False,57,0.5213416239420845,87,False
rest_147,Thai Restaurant 147,Mumbai,Thai,4,3.725120478334043,438,True,32,0.7596049256946622,44,False
rest_148,Chinese Restaurant 148,Delhi,Chinese,3,4.49896260509276,577,False,21,0.6159342930119677,57,False
rest_149,Chinese Restaurant 149,Bangalore,Chinese,4,3.557973071618386,474,False,42,0.8800846940417533,51,False
rest_150,Mexican Restaurant 150,Hyderabad,Mexican,2,4.277838387226894,800,False,55,0.6438218103430046,81,False
rest_151,Thai Restaurant 151,Delhi,Thai,2,4.888830367463409,565,False,24,0.8690499397220262,38,False
rest_152,Japanese Restaurant 152,Mumbai,Japanese,1,4.05053806004142,508,True,30,0.6690747644711463,36,False
rest_153,Japanese Restaurant 153,Delhi,Japanese,2,4.254916460628265,177,False,32,0.5641565730293125,47,False
rest_154,Indian Restaurant 154,Hyderabad,Indian,4,3.624777402063675,612,True,21,0.8870601912970273,88,False
rest_155,Japanese Restaurant 155,Delhi,Japanese,4,3.763280168003946,254,False,59,0.6795206232671007,25,False
rest_156,Indian Restaurant 156,Bangalore,Indian,1,3.8586989677838144,894,False,49,0.8895577168601365,81,False
rest_157,Chinese Restaurant 157,Chennai,Chinese,2,4.089189771412054,933,False,51,0.6002150595207609,50,False
rest_158,Indian Restaurant 158,Chennai,Indian,3,4.077589722352012,728,False,36,0.7339385443609652,50,False
rest_159,Italian Restaurant 159,Chennai,Italian,1,3.7162929148591735,140,False,27,0.7589969407834137,60,False
rest_160,Italian Restaurant 160,Mumbai,Italian,1,3.828907388646226,184,False,48,0.5075065203513329,69,False
rest_161,American Restaurant 161,Hyderabad,American,4,3.7740765231196294,734,False,48,0.5382764440908583,80,False
rest_162,Chinese Restaurant 162,Mumbai,Chinese,2,4.164070264447537,816,False,24,0.7508578261379495,79,False
rest_163,Mexican Restaurant 163,Delhi,Mexican,2,4.576769921259213,813,False,33,0.763447620461446,36,False
rest_164,Thai Restaurant 164,Chennai,Thai,1,4.812128100650403,406,True,28,0.5241264739614633,39,False
rest_165,Indian Restaurant 165,Hyderabad,Indian,1,3.806836599163574,982,False,20,0.710867672946063,72,False
rest_166,Thai Restaurant 166,Mumbai,Thai,1,4.791194392084017,628,False,45,0.7388271556345618,76,False
rest_167,Chinese Restaurant 167,Delhi,Chinese,1,4.644231216846665,167,False,43,0.526867894364859,75,False
rest_168,Indian Restaurant 168,Hyderabad,Indian,3,4.727757044216903,946,False,23,0.9901308128426234,67,False
rest_169,Thai Restaurant 169,Chennai,Thai,1,3.7339146612818963,331,False,31,0.5404685157676057,45,False
rest_170,Italian Restaurant 170,Bangalore,Italian,1,3.8401781936970325,136,False,24,0.810373088523759,78,False
rest_171,Mexican Restaurant 171,Bangalore,Mexican,4,4.749491919250689,954,False,21,0.6869570169885508,34,False
rest_172,Indian Restaurant 172,Delhi,Indian,3,4.204580373057325,814,False,38,0.7668371822567559,92,False
rest_173,Indian Restaurant 173,Bangalore,Indian,2,4.84783864863224,435,False,58,0.9107712977301141,35,False
rest_174,Indian Restaurant 174,Bangalore,Indian,1,4.668466022652417,605,False,26,0.6531704127764382,24,False
rest_175,Thai Restaurant 175,Hyderabad,Thai,4,4.365241112494479,706,False,44,0.933389738906852,31,False
rest_176,Indian Restaurant 176,Delhi,Indian,4,3.8359756336711257,953,False,50,0.9665675651816101,63,False
rest_177,Thai Restaurant 177,Mumbai,Thai,2,3.9358515878755225,662,False,47,0.5267819588332356,65,False
rest_178,Chinese Restaurant 178,Chennai,Chinese,4,4.534360726317357,433,False,46,0.5859702027996406,78,False
rest_179,Thai Restaurant 179,Delhi,Thai,3,4.7031039986825895,962,False,27,0.8966968299849067,56,False
rest_180,Indian Restaurant 180,Chennai,Indian,1,4.908079499770109,753,False,46,0.574743185231767,50,False
rest_181,Japanese Restaurant 181,Chennai,Japanese,2,4.8955847101324546,640,True,31,0.6716620901486963,56,False
rest_182,Thai Restaurant 182,Mumbai,Thai,3,3.9747773870461542,946,False,56,0.979341985356433,71,False
rest_183,Indian Restaurant 183,Chennai,Indian,3,4.120239980095598,301,False,20,0.7535992492225021,79,False
rest_184,Indian Restaurant 184,Hyderabad,Indian,1,4.876332600089337,50,True,45,0.886301747248238,23,False
rest_185,Chinese Restaurant 185,Delhi,Chinese,2,4.308379517137312,925,False,49,0.7184588756722834,20,False
rest_186,Italian Restaurant 186,Delhi,Italian,3,3.9219247036799687,241,False,34,0.9801956251173949,99,False
rest_187,Chinese Restaurant 187,Bangalore,Chinese,1,3.8022367409852773,475,False,23,0.7884051167248985,38,False
rest_188,American Restaurant 188,Bangalore,American,1,4.522436987780555,424,True,39,0.8374415782772509,39,False
rest_189,Indian Restaurant 189,Bangalore,Indian,3,4.285530575310788,768,False,31,0.5720466886017459,45,False
rest_190,Indian Restaurant 190,Bangalore,Indian,2,4.962173105260248,289,False,24,0.5392064025255662,77,False
rest_191,Mexican Restaurant 191,Delhi,Mexican,1,4.788684133018429,223,False,47,0.8375378175584005,93,False
rest_192,American Restaurant 192,Delhi,American,3,3.53642474355405,616,True,52,0.611154680344713,22,False
rest_193,Japanese Restaurant 193,Delhi,Japanese,4,3.678763819021527,932,False,43,0.7763944024570724,22,False
rest_194,Italian Restaurant 194,Chennai,Italian,4,4.669821941702838,975,False,25,0.7729558979780672,49,False
rest_195,Thai Restaurant 195,Chennai,Thai,1,4.63029017461927,779,False,34,0.6025818343311297,93,False
rest_196,Chinese Restaurant 196,Chennai,Chinese,4,3.526040573848327,255,False,40,0.7046451127386433,59,False
rest_197,Mexican Restaurant 197,Hyderabad,Mexican,4,3.8937124831195185,61,False,52,0.520543689035806,46,False
rest_198,Indian Restaurant 198,Chennai,Indian,1,4.721639235110027,397,True,51,0.8379936969791031,37,False
rest_199,Mexican Restaurant 199,Chennai,Mexican,3,4.83620722888525,895,False,38,0.6134602631841437,44,False
rest_200,Indian Restaurant 200,Chennai,Indian,2,3.5333166942798853,942,False,51,0.5618070258060346,43,False
rest_201,Mexican Restaurant 201,Mumbai,Mexican,4,4.409683529545248,869,False,57,0.9760572394066751,77,False
rest_202,Mexican Restaurant 202,Chennai,Mexican,4,4.605237234743333,293,False,35,0.5142964945930337,23,False
rest_203,Indian Restaurant 203,Hyderabad,Indian,1,3.62862033959647,532,False,26,0.798198738923301,26,False
rest_204,Mexican Restaurant 204,Delhi,Mexican,4,4.600477538154145,258,False,44,0.6393744695780805,43,False
rest_205,Thai Restaurant 205,Delhi,Thai,3,3.930502515992001,792,True,23,0.7371357494638989,63,False
rest_206,Thai Restaurant 206,Delhi,Thai,3,4.666831043841441,443,False,57,0.5359337138761884,53,False
rest_207,Chinese Restaurant 207,Delhi,Chinese,3,4.773550867959667,542,False,20,0.7548584322600064,35,False
rest_208,American Restaurant 208,Mumbai,American,4,4.657229691703739,790,True,54,0.9267372671500308,53,False
rest_209,Japanese Restaurant 209,Mumbai,Japanese,1,3.6789014329734204,459,False,35,0.8372404615133264,88,False
rest_210,Italian Restaurant 210,Hyderabad,Italian,4,4.98839223511533,903,False,44,0.5954275361998753,24,False
rest_211,American Restaurant 211,Hyderabad,American,4,4.34437935010494,631,False,21,0.5806028875137468,26,False
rest_212,Mexican Restaurant 212,Delhi,Mexican,2,3.841652250721509,970,False,58,0.804270802297113,28,False
rest_213,Japanese Restaurant 213,Mumbai,Japanese,1,3.6017798565569077,403,True,50,0.521098911412017,88,False
rest_214,Chinese Restaurant 214,Hyderabad,Chinese,3,4.042342617924199,88,False,45,0.6394028238770197,86,False
rest_215,Italian Restaurant 215,Bangalore,Italian,4,4.032445191757875,324,False,50,0.789864520433351,55,False
rest_216,Japanese Restaurant 216,Hyderabad,Japanese,1,4.706844251170231,132,False,39,0.6363734128906103,36,False
rest_217,Thai Restaurant 217,Bangalore,Thai,2,4.26478222750391,751,False,39,0.957569163478673,82,False
rest_218,Chinese Restaurant 218,Mumbai,Chinese,4,3.8633227702383564,209,False,26,0.5277738748033347,35,False
rest_219,Chinese Restaurant 219,Chennai,Chinese,2,3.912827034795236,808,False,22,0.8061743478091326,96,False
rest_220,Thai Restaurant 220,Bangalore,Thai,3,3.739120004751282,16,False,48,0.5206322471978143,80,False
rest_221,Thai Restaurant 221,Hyderabad,Thai,3,3.682467132486002,60,True,49,0.7039397024301064,36,False
rest_222,Italian Restaurant 222,Bangalore,Italian,1,4.420096149783007,993,False,53,0.7777756744964147,77,False
rest_223,Chinese Restaurant 223,Mumbai,Chinese,4,4.990022784011819,735,False,28,0.8885950998687454,61,False
rest_224,American Restaurant 224,Bangalore,American,1,4.409111397220197,758,False,21,0.6450511565277137,89,False
rest_225,American Restaurant 225,Mumbai,American,1,4.486178172186537,147,False,50,0.7171539183301903,91,False
rest_226,Mexican Restaurant 226,Hyderabad,Mexican,4,4.122554070431882,903,False,48,0.6955074819713456,98,False
rest_227,Indian Restaurant 227,Chennai,Indian,4,3.9336396343946145,152,False,55,0.665186192302036,41,False
rest_228,Chinese Restaurant 228,Chennai,Chinese,4,4.571137896526826,672,True,23,0.924199698751319,57,False
rest_229,Indian Restaurant 229,Bangalore,Indian,2,4.218965589222568,65,True,55,0.9133670248739385,39,False
rest_230,Mexican Restaurant 230,Delhi,Mexican,2,3.891840441663545,621,True,22,0.5731398372603445,36,False
rest_231,Thai Restaurant 231,Delhi,Thai,3,4.0551847933100635,633,False,50,0.5555683216992433,50,False
rest_232,Indian Restaurant 232,Hyderabad,Indian,2,4.3484019494839,703,False,24,0.7873273274701081,57,False
rest_233,Chinese Restaurant 233,Bangalore,Chinese,1,3.558914414316888,446,True,33,0.9263382962060286,23,False
rest_234,Japanese Restaurant 234,Chennai,Japanese,1,4.836015991676789,256,True,57,0.9671831614908518,50,False
rest_235,Indian Restaurant 235,Hyderabad,Indian,4,4.188149324184042,428,False,52,0.8254259776441579,57,False
rest_236,American Restaurant 236,Mumbai,American,3,4.395019903186698,671,False,20,0.8140264788083287,85,False
rest_237,Thai Restaurant 237,Mumbai,Thai,1,4.59234348916595,650,False,24,0.7888422203939199,72,False
rest_238,Mexican Restaurant 238,Chennai,Mexican,3,4.1716054192274665,892,True,50,0.554403081648892,54,False
rest_239,Indian Restaurant 239,Chennai,Indian,1,3.9977880406172286,999,False,20,0.8284685814671936,45,False
rest_240,American Restaurant 240,Delhi,American,1,3.575028051255007,37,False,45,0.9012888525824989,30,False
rest_241,Chinese Restaurant 241,Chennai,Chinese,2,3.9481517746753925,149,False,29,0.5102386910701171,27,False
rest_242,Thai Restaurant 242,Delhi,Thai,2,4.428218737931328,653,False,40,0.9547952824737382,74,False
rest_243,Indian Restaurant 243,Mumbai,Indian,3,4.523595562197249,514,False,28,0.9305705832888744,92,False
rest_244,Japanese Restaurant 244,Chennai,Japanese,1,3.9996838587255046,155,False,52,0.7781162727062245,67,False
rest_245,Mexican Restaurant 245,Bangalore,Mexican,4,3.8974903788869653,953,False,31,0.7230169826203565,74,False
rest_246,Japanese Restaurant 246,Hyderabad,Japanese,4,4.96089684010643,904,True,45,0.8398020137638393,26,False
rest_247,Indian Restaurant 247,Hyderabad,Indian,4,4.524108605910593,89,True,41,0.7911231997239363,77,False
rest_248,Mexican Restaurant 248,Hyderabad,Mexican,4,4.297913615486791,453,False,21,0.7237372041314888,78,False
rest_249,Japanese Restaurant 249,Mumbai,Japanese,4,4.325731070958832,149,False,50,0.5018464935506033,73,False
rest_250,American Restaurant 250,Bangalore,American,3,4.617977799533327,761,False,43,0.6663178127676552,57,False
rest_251,Italian Restaurant 251,Hyderabad,Italian,4,4.304668427042816,857,False,50,0.7810800358643082,67,False
rest_252,Japanese Restaurant 252,Mumbai,Japanese,3,4.061335012272918,800,False,25,0.8885620792094235,56,False
rest_253,Thai Restaurant 253,Chennai,Thai,4,3.637918290160857,677,True,43,0.6418383442596561,36,False
rest_254,Chinese Restaurant 254,Mumbai,Chinese,1,4.3255569800551354,504,True,38,0.8226721222422928,60,False
rest_255,American Restaurant 255,Chennai,American,3,3.7907572809182883,596,False,43,0.5535558896142114,45,False
rest_256,Chinese Restaurant 256,Mumbai,Chinese,4,4.2951894083941955,909,False,53,0.5021790033166018,45,False
rest_257,Thai Restaurant 257,Bangalore,Thai,3,3.7732130654594362,326,True,38,0.9902003643437892,54,False
rest_258,Mexican Restaurant 258,Delhi,Mexican,3,3.7564639138134717,249,True,42,0.5634116424878728,31,False
rest_259,American Restaurant 259,Bangalore,American,4,4.207361722461915,147,True,31,0.9065876598841764,87,False
rest_260,Mexican Restaurant 260,Chennai,Mexican,2,4.299578182442405,311,False,29,0.6623993035470882,83,False
rest_261,Japanese Restaurant 261,Bangalore,Japanese,3,4.692832248348371,88,False,31,0.5321833510967096,52,False
rest_262,Indian Restaurant 262,Chennai,Indian,4,3.5667512202104046,109,False,53,0.6985687214642244,80,False
rest_263,Indian Restaurant 263,Chennai,Indian,3,4.041616796815644,269,False,31,0.8084724797652724,74,False
rest_264,American Restaurant 264,Chennai,American,3,4.748696145931481,287,False,56,0.6143063425613169,70,False
rest_265,Thai Restaurant 265,Mumbai,Thai,2,4.102634577293768,843,True,42,0.8419292965749783,30,False
rest_266,Italian Restaurant 266,Chennai,Italian,4,3.7337876358550517,524,False,20,0.5277136252671234,62,False
rest_267,Chinese Restaurant 267,Delhi,Chinese,1,4.964642761303107,574,False,51,0.959772648570903,66,False
rest_268,Chinese Restaurant 268,Delhi,Chinese,4,3.793479649857331,278,False,25,0.9093764106205322,61,False
rest_269,Italian Restaurant 269,Delhi,Italian,1,4.8977502829048,599,False,39,0.7783392598125575,67,False
rest_270,Mexican Restaurant 270,Bangalore,Mexican,1,3.8306863747032516,425,True,45,0.696566486680896,84,False
rest_271,Indian Restaurant 271,Delhi,Indian,4,3.829427423067583,35,False,57,0.9755817730177898,31,False
rest_272,Mexican Restaurant 272,Hyderabad,Mexican,4,4.7569256701454945,192,False,31,0.9011604409079528,95,False
rest_273,Italian Restaurant 273,Hyderabad,Italian,4,4.096295624440986,679,False,51,0.5430415980121353,75,False
rest_274,American Restaurant 274,Chennai,American,2,4.51104239695912,211,True,29,0.5447594683225023,76,False
rest_275,American Restaurant 275,Bangalore,American,4,3.858242682363964,479,False,20,0.6530433313311151,31,False
rest_276,Indian Restaurant 276,Mumbai,Indian,3,3.9295655603146193,22,False,30,0.9045251886087129,55,False
rest_277,Chinese Restaurant 277,Mumbai,Chinese,4,4.454732449652056,700,False,37,0.9781965037613225,25,False
rest_278,Japanese Restaurant 278,Bangalore,Japanese,3,4.577702725453452,212,False,42,0.6893870558089575,98,False
rest_279,Indian Restaurant 279,Mumbai,Indian,2,3.560224867817893,279,True,28,0.9863916853387391,54,False
rest_280,Thai Restaurant 280,Bangalore,Thai,4,4.209343003633301,807,True,58,0.536638100388636,77,False
rest_281,Mexican Restaurant 281,Mumbai,Mexican,2,4.920291710314516,678,False,47,0.7608521241117243,29,False
rest_282,Chinese Restaurant 282,Bangalore,Chinese,2,4.930453239854501,314,True,47,0.645831677918304,78,False
rest_283,Thai Restaurant 283,Hyderabad,Thai,2,3.899248656720405,432,False,21,0.9784914502641452,60,False
rest_284,Thai Restaurant 284,Chennai,Thai,3,3.946686936678079,483,True,50,0.5283656684166651,86,False
rest_285,American Restaurant 285,Hyderabad,American,3,4.090677460098634,959,False,28,0.9324652367926834,38,False
rest_286,Japanese Restaurant 286,Mumbai,Japanese,4,4.329173332701466,85,False,33,0.9463519512569165,94,False
rest_287,Japanese Restaurant 287,Bangalore,Japanese,3,3.7937120911286666,152,False,36,0.7156341515246484,63,False
rest_288,Thai Restaurant 288,Bangalore,Thai,4,4.638021449598186,136,True,57,0.5721976905713293,50,False
rest_289,Indian Restaurant 289,Mumbai,Indian,1,3.5786159019252897,381,False,45,0.837974219862329,27,False
rest_290,Italian Restaurant 290,Bangalore,Italian,2,4.963829951160159,303,False,25,0.7623980173254608,64,False
rest_291,Chinese Restaurant 291,Chennai,Chinese,4,4.690236065816265,61,False,24,0.5729784170714958,22,False
rest_292,Mexican Restaurant 292,Bangalore,Mexican,4,4.136332550614947,671,False,27,0.9323500935153614,72,False
rest_293,American Restaurant 293,Chennai,American,3,3.6564989396276486,676,True,46,0.9305673211542049,76,False
rest_294,Japanese Restaurant 294,Mumbai,Japanese,3,3.8095505024584666,99,False,36,0.5025508271178744,21,False
rest_295,Chinese Restaurant 295,Delhi,Chinese,2,4.441127632221032,911,True,38,0.762107229035812,61,False
rest_296,Japanese Restaurant 296,Hyderabad,Japanese,3,4.508926494208151,181,True,28,0.9086140165515937,51,False
rest_297,Mexican Restaurant 297,Delhi,Mexican,1,4.911997336094071,548,False,27,0.7542998067711002,88,False
rest_298,Japanese Restaurant 298,Delhi,Japanese,2,4.871896157403343,434,False,36,0.7021757867892315,52,False
rest_299,Thai Restaurant 299,Mumbai,Thai,4,4.035889891905516,713,False,42,0.6314996379144562,94,False
rest_300,Italian Restaurant 300,Bangalore,Italian,2,4.995916567996474,210,False,42,0.8062043673085285,38,False
rest_301,Thai Restaurant 301,Hyderabad,Thai,3,3.6919508720966085,130,False,33,0.9960792719685791,25,False
rest_302,American Restaurant 302,Bangalore,American,4,4.332150284670787,724,False,32,0.7736477575153575,72,False
rest_303,American Restaurant 303,Chennai,American,1,4.71770666085599,178,False,34,0.5560041181778279,79,False
rest_304,Indian Restaurant 304,Chennai,Indian,4,3.9091963835363064,578,False,44,0.911369974413437,73,False
rest_305,Mexican Restaurant 305,Delhi,Mexican,1,3.942396670485845,46,False,44,0.6553595935656072,21,False
rest_306,Mexican Restaurant 306,Hyderabad,Mexican,3,3.9343447158015024,258,True,55,0.8947573460717082,87,False
rest_307,Thai Restaurant 307,Delhi,Thai,3,4.637470820472736,106,False,53,0.6405361590375211,61,False
rest_308,Indian Restaurant 308,Chennai,Indian,1,4.634512530671294,663,False,21,0.6562447915684086,82,False
rest_309,American Restaurant 309,Mumbai,American,2,4.727686867881394,403,False,42,0.6717205706402836,29,False
rest_310,Indian Restaurant 310,Mumbai,Indian,1,4.8846810549974835,186,True,49,0.5979349125515114,47,False
rest_311,Indian Restaurant 311,Chennai,Indian,4,4.3393869886663765,349,False,51,0.9930396006300408,90,False
rest_312,Chinese Restaurant 312,Chennai,Chinese,1,4.955512586763437,427,False,34,0.8648230081579938,36,False
rest_313,Thai Restaurant 313,Delhi,Thai,4,4.498247394004877,212,False,44,0.5165714898891364,66,False
rest_314,Japanese Restaurant 314,Chennai,Japanese,1,4.2962393316904555,970,False,38,0.875892868999785,91,False
rest_315,Chinese Restaurant 315,Mumbai,Chinese,4,3.6954919029278352,188,False,48,0.9439736467482642,42,False
rest_316,Italian Restaurant 316,Mumbai,Italian,1,4.2687869070556195,319,False,25,0.6222084505037596,29,False
rest_317,Italian Restaurant 317,Chennai,Italian,1,4.489936603808224,471,True,48,0.6282768633873832,68,False
rest_318,Italian Restaurant 318,Mumbai,Italian,3,4.610316986610178,661,False,38,0.9103809157720864,91,False
rest_319,Japanese Restaurant 319,Hyderabad,Japanese,4,3.753458266446988,997,False,22,0.8967399352127695,71,False
rest_320,Indian Restaurant 320,Bangalore,Indian,1,4.997194699707826,813,False,40,0.93193015884207,68,False
rest_321,Chinese Restaurant 321,Chennai,Chinese,4,3.5797007911872187,155,True,25,0.857343103466399,67,False
rest_322,Italian Restaurant 322,Delhi,Italian,1,3.83916157494434,496,False,39,0.7700951669600715,57,False
rest_323,Thai Restaurant 323,Chennai,Thai,1,3.991748837575717,873,True,36,0.8493581037033753,55,False
rest_324,Mexican Restaurant 324,Chennai,Mexican,3,4.097045857747677,479,False,30,0.8939053277831112,37,False
rest_325,Chinese Restaurant 325,Mumbai,Chinese,3,3.886999675319764,985,True,44,0.6068246494021048,59,False
rest_326,Italian Restaurant 326,Chennai,Italian,2,4.489284427003781,543,False,54,0.8062137968181821,63,False
rest_327,American Restaurant 327,Mumbai,American,1,4.753086298117321,211,True,44,0.956296016793525,76,False
rest_328,Thai Restaurant 328,Chennai,Thai,1,3.574791855694953,945,False,53,0.5676369277762602,65,False
rest_329,Indian Restaurant 329,Hyderabad,Indian,4,4.016471506526145,150,False,49,0.6136997634360805,51,False
rest_330,American Restaurant 330,Hyderabad,American,2,4.979565784321114,496,False,35,0.8157665645893554,87,False
rest_331,Chinese Restaurant 331,Hyderabad,Chinese,1,4.189170773111087,330,False,41,0.9735730031828208,38,False
rest_332,Thai Restaurant 332,Hyderabad,Thai,2,4.353460574592974,291,False,35,0.9139212136632966,51,False
rest_333,Indian Restaurant 333,Delhi,Indian,2,3.637533007128168,439,False,57,0.986916097215645,82,False
rest_334,Thai Restaurant 334,Bangalore,Thai,2,4.9747369535126955,315,False,35,0.8986910336213629,80,False
rest_335,Indian Restaurant 335,Bangalore,Indian,1,4.401061972080798,524,False,38,0.6310319471751635,94,False
rest_336,Thai Restaurant 336,Mumbai,Thai,1,4.093717402880441,275,True,36,0.7968847390199778,26,False
rest_337,Japanese Restaurant 337,Chennai,Japanese,3,4.55769208491167,585,False,35,0.6739826147861276,33,False
rest_338,Mexican Restaurant 338,Delhi,Mexican,1,3.635230478526907,393,False,44,0.6515199668743878,77,False
rest_339,Thai Restaurant 339,Hyderabad,Thai,3,3.717078366431181,27,True,43,0.7014405521103552,57,False
rest_340,Japanese Restaurant 340,Hyderabad,Japanese,2,3.535444422663457,233,True,35,0.6290681979357766,82,False
rest_341,Japanese Restaurant 341,Mumbai,Japanese,1,4.098380561347524,61,False,38,0.6598846800212181,70,False
rest_342,Italian Restaurant 342,Delhi,Italian,3,4.270718256106516,680,False,35,0.8854714380456249,72,False
rest_343,Mexican Restaurant 343,Bangalore,Mexican,2,4.871317872044715,367,False,28,0.975006239436493,41,False
rest_344,Chinese Restaurant 344,Hyderabad,Chinese,2,3.6777527471610947,912,False,29,0.8309930759603696,22,False
rest_345,Mexican Restaurant 345,Bangalore,Mexican,4,3.778162676328939,790,False,36,0.6028362916201117,71,False
rest_346,Italian Restaurant 346,Mumbai,Italian,3,3.5581577584310558,299,False,48,0.5249155155778623,27,False
rest_347,Mexican Restaurant 347,Hyderabad,Mexican,4,3.5702533391167046,606,True,59,0.7252130021186434,34,False
rest_348,Japanese Restaurant 348,Hyderabad,Japanese,3,3.595887663270345,993,False,32,0.5693678375980992,27,False
rest_349,Indian Restaurant 349,Delhi,Indian,2,4.8656274973570515,143,False,53,0.5512818458237647,31,False
rest_350,Thai Restaurant 350,Mumbai,Thai,1,4.363905575911771,769,False,28,0.7650347848234793,58,False
rest_351,American Restaurant 351,Bangalore,American,2,4.808937518262395,595,False,22,0.7226741175439308,46,False
rest_352,Thai Restaurant 352,Mumbai,Thai,2,3.7033104857437618,901,False,52,0.7848067043788806,70,False
rest_353,Chinese Restaurant 353,Chennai,Chinese,2,4.488106417016491,114,True,50,0.94363887123851,70,False
rest_354,Thai Restaurant 354,Mumbai,Thai,1,4.617489350732274,993,False,57,0.7472730762404316,71,False
rest_355,Indian Restaurant 355,Hyderabad,Indian,3,3.946571374527524,161,True,50,0.73543387307752,40,False
rest_356,Thai Restaurant 356,Hyderabad,Thai,3,4.6519405821720445,162,False,56,0.5444440500222383,89,False
rest_357,Thai Restaurant 357,Mumbai,Thai,1,3.6490196771305397,247,False,51,0.894260701463682,72,False
rest_358,Chinese Restaurant 358,Bangalore,Chinese,2,4.898199930461944,381,False,31,0.7497621991489403,60,False
rest_359,Italian Restaurant 359,Delhi,Italian,4,3.5226828356785402,495,False,29,0.9249030645513194,37,False
rest_360,Chinese Restaurant 360,Bangalore,Chinese,3,4.180916060308293,416,False,53,0.9494001103680965,96,False
rest_361,Indian Restaurant 361,Mumbai,Indian,2,4.866858199608664,741,False,46,0.7123771341219443,62,False
rest_362,Mexican Restaurant 362,Chennai,Mexican,3,3.640825154046846,580,False,38,0.5284009086282404,85,False
rest_363,Chinese Restaurant 363,Hyderabad,Chinese,1,4.1394937929822415,431,False,24,0.5212904376383024,59,False
rest_364,Chinese Restaurant 364,Chennai,Chinese,2,3.577007192574798,185,False,20,0.9486063413120795,97,False
rest_365,Japanese Restaurant 365,Chennai,Japanese,4,4.956642447897516,464,True,46,0.741408793024209,85,False
rest_366,Japanese Restaurant 366,Delhi,Japanese,1,4.754936231734486,409,False,45,0.7230449921965229,74,False
rest_367,Mexican Restaurant 367,Mumbai,Mexican,2,4.096749028175225,32,True,23,0.6713923675535769,58,False
rest_368,Indian Restaurant 368,Bangalore,Indian,3,4.33056161248542,768,False,37,0.9090014849822574,71,False
rest_369,American Restaurant 369,Mumbai,American,2,4.950630834774733,250,True,54,0.8173164209551564,95,False
rest_370,Italian Restaurant 370,Mumbai,Italian,2,3.8031581466002504,951,False,50,0.7036365531041697,59,False
rest_371,Thai Restaurant 371,Delhi,Thai,2,4.132631618490503,262,False,31,0.6192494244598528,36,False
rest_372,Italian Restaurant 372,Hyderabad,Italian,3,3.616181216604555,718,False,47,0.6475381386731498,64,False
rest_373,American Restaurant 373,Chennai,American,4,4.151050107522629,79,True,45,0.5936476480753896,25,False
rest_374,Italian Restaurant 374,Bangalore,Italian,3,4.7980500202761736,741,False,24,0.6521180693641684,42,False
rest_375,Italian Restaurant 375,Chennai,Italian,3,3.7055885258890195,553,False,53,0.9258677057030069,90,False
rest_376,Thai Restaurant 376,Chennai,Thai,3,4.926101957660501,117,False,39,0.7877383671050444,43,False
rest_377,Thai Restaurant 377,Mumbai,Thai,1,3.919597167399742,124,True,38,0.7924970764548229,87,False
rest_378,Japanese Restaurant 378,Delhi,Japanese,2,3.5925686477963406,362,False,38,0.7196562056169413,75,False
rest_379,Italian Restaurant 379,Delhi,Italian,1,4.663836983547621,398,False,27,0.7188707658748013,24,False
rest_380,Italian Restaurant 380,Hyderabad,Italian,1,3.773472426485577,23,False,44,0.7036761292125631,75,False
rest_381,Chinese Restaurant 381,Delhi,Chinese,1,4.219651233613415,418,True,36,0.5435686338832897,74,False
rest_382,Mexican Restaurant 382,Chennai,Mexican,3,3.545321399237083,172,False,35,0.8419381812584712,23,False
rest_383,Mexican Restaurant 383,Bangalore,Mexican,1,4.805975320888965,107,False,36,0.6078963884599992,21,False
rest_384,Japanese Restaurant 384,Delhi,Japanese,1,4.132706751326967,702,True,32,0.9388315302673719,93,False
rest_385,Thai Restaurant 385,Mumbai,Thai,2,4.2288014304237205,548,True,29,0.5564419217195763,22,False
rest_386,Indian Restaurant 386,Hyderabad,Indian,3,4.119802186285295,800,True,35,0.9257275005387576,49,False
rest_387,Mexican Restaurant 387,Chennai,Mexican,2,4.056162254691731,118,False,56,0.8369722889466147,81,False
rest_388,Thai Restaurant 388,Mumbai,Thai,2,4.452714417943522,614,True,29,0.8208285931864736,36,False
rest_389,Italian Restaurant 389,Mumbai,Italian,4,4.128311547891572,800,True,21,0.8942726694777752,93,False
rest_390,American Restaurant 390,Delhi,American,2,3.6373271787699943,271,True,24,0.8380983212018944,26,False
rest_391,Italian Restaurant 391,Bangalore,Italian,2,4.924239859085162,763,False,57,0.6396352691474261,36,False
rest_392,Italian Restaurant 392,Bangalore,Italian,1,4.150962065121724,303,True,48,0.5579555371985914,34,False
rest_393,Italian Restaurant 393,Mumbai,Italian,1,4.939611077763679,101,True,48,0.7304235702533004,36,False
rest_394,American Restaurant 394,Mumbai,American,4,4.677778291951702,27,False,30,0.5770063895553423,38,False
rest_395,Chinese Restaurant 395,Hyderabad,Chinese,1,4.359328452392834,266,False,57,0.9993956860946268,29,False
rest_396,American Restaurant 396,Hyderabad,American,4,4.13913284688716,934,False,46,0.5721824165180454,23,False
rest_397,Thai Restaurant 397,Mumbai,Thai,2,4.39094851583429,842,False,53,0.7414271068429792,72,False
rest_398,Italian Restaurant 398,Hyderabad,Italian,1,3.9768921979590193,411,False,50,0.6303484542686145,25,False
rest_399,Thai Restaurant 399,Bangalore,Thai,1,4.024062688536802,235,False,55,0.8038971614877235,20,False
rest_400,Chinese Restaurant 400,Bangalore,Chinese,3,4.182972847294503,356,True,58,0.5031039818649407,99,False
rest_401,Chinese Restaurant 401,Bangalore,Chinese,1,3.960996244652307,833,False,49,0.82783464389813,24,False
rest_402,Thai Restaurant 402,Chennai,Thai,1,4.584634562238067,151,True,28,0.8059712577645476,50,False
rest_403,Italian Restaurant 403,Delhi,Italian,4,3.5588235095905016,814,True,21,0.9536972675828176,44,False
rest_404,Mexican Restaurant 404,Delhi,Mexican,4,4.933599415872753,387,False,33,0.9559650501307049,32,False
rest_405,Chinese Restaurant 405,Bangalore,Chinese,2,4.643188904144321,737,False,40,0.9906996384686217,76,False
rest_406,Thai Restaurant 406,Mumbai,Thai,1,4.524808784864899,26,False,52,0.7360945737624325,61,False
rest_407,Japanese Restaurant 407,Mumbai,Japanese,4,3.7040348080817744,975,False,36,0.9237634966460249,39,False
rest_408,Mexican Restaurant 408,Hyderabad,Mexican,1,4.888816065778384,211,False,56,0.8115836738294329,64,False
rest_409,Mexican Restaurant 409,Mumbai,Mexican,2,4.831722816927526,950,True,52,0.8124581109746294,47,False
rest_410,Italian Restaurant 410,Chennai,Italian,3,4.187071689065548,565,True,46,0.8094311329050582,41,False
rest_411,Mexican Restaurant 411,Chennai,Mexican,1,4.049496609187326,585,False,28,0.6451570457122491,96,False
rest_412,Mexican Restaurant 412,Delhi,Mexican,2,4.265346485121453,386,False,41,0.6985466787729826,83,False
rest_413,Japanese Restaurant 413,Mumbai,Japanese,2,3.597104474001178,782,False,46,0.6014949449678413,44,False
rest_414,Mexican Restaurant 414,Delhi,Mexican,3,3.73949859143353,588,False,59,0.8098154736282488,65,False
rest_415,Japanese Restaurant 415,Hyderabad,Japanese,3,4.529342121184651,940,False,41,0.8247170018257393,80,False
rest_416,Mexican Restaurant 416,Chennai,Mexican,2,3.654355905606219,328,True,38,0.9008419296970698,44,False
rest_417,Thai Restaurant 417,Chennai,Thai,2,4.637812064597178,797,True,55,0.5038133215526337,81,False
rest_418,Mexican Restaurant 418,Delhi,Mexican,3,3.607825557287413,157,False,45,0.7837705791015969,44,False
rest_419,Mexican Restaurant 419,Chennai,Mexican,3,4.005255188550245,612,True,54,0.6006434562466324,53,False
rest_420,American Restaurant 420,Bangalore,American,1,4.810241712379362,833,False,56,0.5376665617798703,59,False
rest_421,Italian Restaurant 421,Bangalore,Italian,1,3.574219829026032,54,True,45,0.5389069041832537,57,False
rest_422,Italian Restaurant 422,Mumbai,Italian,1,4.75890845228425,327,False,51,0.6297383795373017,58,False
rest_423,Italian Restaurant 423,Chennai,Italian,1,4.676689850023218,672,True,50,0.756714942090682,88,False
rest_424,Chinese Restaurant 424,Bangalore,Chinese,2,4.443323327799016,224,True,30,0.6432195656979839,90,False
rest_425,Japanese Restaurant 425,Mumbai,Japanese,2,4.833935684696785,519,False,36,0.6234496952606592,98,False
rest_426,Indian Restaurant 426,Delhi,Indian,4,3.9169847874554975,10,False,57,0.8771895566527185,84,False
rest_427,Mexican Restaurant 427,Delhi,Mexican,2,3.502279133166474,841,False,24,0.9628531888051527,29,False
rest_428,Indian Restaurant 428,Bangalore,Indian,4,4.15400788210595,242,True,22,0.8976783899589744,73,False
rest_429,American Restaurant 429,Chennai,American,4,4.479606638168978,861,True,38,0.5754455558175728,54,False
rest_430,Italian Restaurant 430,Hyderabad,Italian,1,3.950316329977371,634,False,51,0.6951069642776517,88,False
rest_431,American Restaurant 431,Hyderabad,American,4,4.264275460976146,496,False,25,0.8552079996910278,89,False
rest_432,American Restaurant 432,Chennai,American,3,4.803598940199153,915,False,43,0.6767622654722969,53,False
rest_433,Italian Restaurant 433,Mumbai,Italian,2,4.575073238556451,489,False,33,0.5114947033030793,93,False
rest_434,Chinese Restaurant 434,Hyderabad,Chinese,4,3.7213481841744,67,False,30,0.766882213029901,89,False
rest_435,Japanese Restaurant 435,Delhi,Japanese,1,4.126440409693545,831,False,28,0.5221129247158799,22,False
rest_436,Thai Restaurant 436,Chennai,Thai,4,3.648525233158754,958,True,45,0.8289945814297522,60,False
rest_437,Thai Restaurant 437,Delhi,Thai,3,4.06641074541108,197,False,24,0.7325026665587001,43,False
rest_438,Italian Restaurant 438,Chennai,Italian,1,4.170313327660695,488,False,51,0.5521687918584557,90,False
rest_439,Italian Restaurant 439,Chennai,Italian,1,4.064043692979194,471,False,23,0.6635528135125389,77,False
rest_440,Mexican Restaurant 440,Mumbai,Mexican,1,3.941349717259764,896,False,45,0.7268971906461833,70,False
rest_441,Chinese Restaurant 441,Chennai,Chinese,3,4.7269131695952105,430,False,44,0.6623899344804235,39,False
rest_442,Thai Restaurant 442,Mumbai,Thai,2,3.6482504176007273,920,False,46,0.6883275924848664,73,False
rest_443,Mexican Restaurant 443,Bangalore,Mexican,3,3.8107664480676737,638,True,36,0.5991113776274759,79,False
rest_444,Mexican Restaurant 444,Delhi,Mexican,4,3.642005585653508,757,False,57,0.7399650207674819,57,False
rest_445,American Restaurant 445,Mumbai,American,2,4.33455636214806,27,False,59,0.5592252655123167,36,False
rest_446,Chinese Restaurant 446,Mumbai,Chinese,4,4.114984986830066,607,False,20,0.9358921421246668,58,False
rest_447,Mexican Restaurant 447,Hyderabad,Mexican,1,4.427871014943247,346,True,28,0.8398750861113162,94,False
rest_448,Japanese Restaurant 448,Chennai,Japanese,2,4.574494637726977,767,False,36,0.8932948399781093,20,False
rest_449,Chinese Restaurant 449,Chennai,Chinese,1,4.444810844260253,378,False,50,0.730533968806843,68,False
rest_450,Chinese Restaurant 450,Chennai,Chinese,2,4.099500240146421,739,True,43,0.965412698011415,82,False
rest_451,Mexican Restaurant 451,Bangalore,Mexican,3,3.527134022781449,863,True,39,0.8832468928131509,64,False
rest_452,Chinese Restaurant 452,Mumbai,Chinese,2,4.353169874385634,463,True,21,0.5622184246189439,62,False
rest_453,Indian Restaurant 453,Mumbai,Indian,4,4.114115146236391,600,True,50,0.7227042790621658,29,False
rest_454,Mexican Restaurant 454,Chennai,Mexican,1,4.700159601124817,107,False,56,0.9326602404969612,36,False
rest_455,American Restaurant 455,Chennai,American,4,4.573043388567573,878,False,39,0.5097376621598172,69,False
rest_456,American Restaurant 456,Hyderabad,American,1,4.202503617750612,507,True,36,0.8940429919387513,86,False
rest_457,American Restaurant 457,Delhi,American,3,4.134254952340391,663,False,46,0.6024502840576931,72,False
rest_458,Thai Restaurant 458,Bangalore,Thai,1,4.793136396434699,313,True,43,0.6372952693704446,94,False
rest_459,Indian Restaurant 459,Delhi,Indian,4,4.59000046107578,100,False,28,0.9460687418860001,91,False
rest_460,Mexican Restaurant 460,Hyderabad,Mexican,1,3.7147804251216106,833,True,42,0.9096549794142101,77,False
rest_461,Thai Restaurant 461,Hyderabad,Thai,2,4.619889635407132,393,False,43,0.9595434326362217,59,False
rest_462,Thai Restaurant 462,Chennai,Thai,1,4.309560262940964,555,False,34,0.8826103907133651,90,False
rest_463,Chinese Restaurant 463,Delhi,Chinese,2,4.562778702896628,191,True,21,0.761432140887541,87,False
rest_464,Japanese Restaurant 464,Hyderabad,Japanese,3,4.5161997281789485,580,False,51,0.994483258876653,50,False
rest_465,Thai Restaurant 465,Delhi,Thai,2,3.9552115692860133,612,False,53,0.7197674319296046,50,False
rest_466,Japanese Restaurant 466,Delhi,Japanese,1,4.062836304796795,512,False,59,0.79645546763704,82,False
rest_467,Mexican Restaurant 467,Delhi,Mexican,4,4.144970326476442,888,True,49,0.6051963353112616,96,False
rest_468,American Restaurant 468,Mumbai,American,3,4.802148292527937,282,False,25,0.6947287598029956,76,False
rest_469,Italian Restaurant 469,Chennai,Italian,2,3.937830840225403,468,True,29,0.5045049519152258,37,False
rest_470,Italian Restaurant 470,Chennai,Italian,2,3.8035405198632053,344,False,44,0.8276973421173741,37,False
rest_471,Mexican Restaurant 471,Delhi,Mexican,4,4.897506678224292,440,False,44,0.9706788298841129,60,False
rest_472,Indian Restaurant 472,Mumbai,Indian,1,4.798837488189597,812,True,24,0.8843044099594102,56,False
rest_473,Japanese Restaurant 473,Hyderabad,Japanese,1,4.774948471556426,533,False,49,0.881103131944162,98,False
rest_474,Japanese Restaurant 474,Bangalore,Japanese,4,4.966374855294822,615,False,46,0.7034251095941968,31,False
rest_475,Japanese Restaurant 475,Hyderabad,Japanese,4,4.997631745383892,155,True,49,0.8120895485848169,42,False
rest_476,Italian Restaurant 476,Bangalore,Italian,1,3.5288530070732937,48,True,36,0.596659297197678,64,False
rest_477,Indian Restaurant 477,Hyderabad,Indian,4,4.185257375412105,623,False,40,0.7197691959990313,69,False
rest_478,Chinese Restaurant 478,Hyderabad,Chinese,4,3.8230775317637278,719,False,52,0.6120594544570974,31,False
rest_479,Chinese Restaurant 479,Bangalore,Chinese,4,4.872443266739226,590,False,50,0.5709797608,61,False
rest_480,American Restaurant 480,Hyderabad,American,3,3.582507133363706,636,False,21,0.6611931784854933,54,False
rest_481,Thai Restaurant 481,Bangalore,Thai,3,4.947477665625252,613,True,59,0.8737016111887581,87,False
rest_482,Chinese Restaurant 482,Hyderabad,Chinese,3,4.3041745309627935,693,False,39,0.5209689348602258,47,False
rest_483,Indian Restaurant 483,Hyderabad,Indian,1,4.656825486956757,319,False,27,0.8960877898447046,43,False
rest_484,Japanese Restaurant 484,Mumbai,Japanese,4,4.559251717613313,958,False,20,0.7764764849616645,30,False
rest_485,Indian Restaurant 485,Hyderabad,Indian,3,4.276424840088747,96,False,36,0.5308508405381714,98,False
rest_486,Thai Restaurant 486,Hyderabad,Thai,2,3.943735754133626,106,False,55,0.6817619330889613,68,False
rest_487,Italian Restaurant 487,Mumbai,Italian,1,4.932861774965344,478,False,25,0.9166739012623735,84,False
rest_488,Mexican Restaurant 488,Hyderabad,Mexican,4,4.590716693563242,641,False,39,0.9135805202401517,77,False
rest_489,Japanese Restaurant 489,Hyderabad,Japanese,1,4.694272931340494,785,False,41,0.8402390693434412,58,False
rest_490,American Restaurant 490,Mumbai,American,2,4.6371710474492644,299,False,33,0.628686359198239,72,False
rest_491,Italian Restaurant 491,Mumbai,Italian,2,4.724359049951002,591,True,37,0.8669323481789594,26,False
rest_492,Mexican Restaurant 492,Delhi,Mexican,2,4.1079607109296505,296,True,54,0.8511925215945644,68,False
rest_493,Indian Restaurant 493,Mumbai,Indian,4,3.8480459357680274,491,False,56,0.5787568933677776,47,False
rest_494,Chinese Restaurant 494,Hyderabad,Chinese,4,4.713695590686637,604,False,43,0.8170356000459997,26,False
rest_495,Chinese Restaurant 495,Hyderabad,Chinese,1,4.371862317936435,91,False,29,0.7165720888909088,72,False
rest_496,Japanese Restaurant 496,Bangalore,Japanese,4,4.789781027337781,212,False,43,0.8602054430778968,98,False
rest_497,Mexican Restaurant 497,Delhi,Mexican,3,4.786701638225984,108,False,56,0.8872592237519031,68,False
rest_498,Mexican Restaurant 498,Hyderabad,Mexican,1,4.314111832811809,838,True,24,0.628369524629901,29,False
rest_499,Mexican Restaurant 499,Delhi,Mexican,1,4.750437133007173,605,False,46,0.8190742728196083,29,False
